"","PC1","PC2","PC3","PC4","PC5","PC6"
"DA",0.310323553281294,-0.627600435220356,0.61988797753753,0.0101386355126759,0.311807168589574,0.168016008108204
"SPA",0.453395539273145,-0.248243733908895,-0.189151622341775,0.21833788272258,-0.746061196767054,0.304549596871168
"PDMC",-0.403569358467773,0.160153126942493,0.687381158284119,0.108808180627799,-0.529383865582793,-0.216571915911373
"LA",0.480616990470202,-0.0416222918460896,-0.000213158944292695,-0.328434474217377,-0.118092212580347,-0.803405173825476
"SLA",0.40372639458122,0.444742228247286,0.153773521937708,0.741613096846717,0.227195907555731,-0.118131650535797
"LDMC",-0.375866807448877,-0.565080218598961,-0.289519189035936,0.531533035283422,0.0189196213780715,-0.415574071755705
"Eigenvalues",4.18121552518916,0.943630723086921,0.562992470053358,0.206541852393965,0.0917123183338878,0.0139071109427052
"Variance_Percent",69.6869254198194,15.7271787181153,9.38320783422264,3.44236420656608,1.52853863889813,0.23178518237842
"Cumulative_Variance_Percent",69.6869254198194,85.4141041379347,94.7973119721574,98.2396761787234,99.7682148176216,100
