"","PC1","PC2","PC3","PC4","PC5","PC6"
"DA",0.412665374845587,0.00943807704948079,0.753000983173378,0.168936493450959,0.289407301886392,-0.387700406551783
"SPA",0.242809606423523,-0.665566065424045,0.259317547461596,-0.0500668973933687,-0.589668784564669,0.283907991184364
"PDMC",0.0299616736721846,0.72555676499548,0.307949000771005,-0.1072907810794,-0.581882070803645,0.166550400110083
"LA",0.469932458433649,0.0447495728491597,-0.111529688550786,-0.850426647781642,0.194815933344394,0.0595261091465035
"SLA",0.537026604570086,0.158305783466232,-0.155244323594756,0.427704974803652,0.248971565644755,0.64615982459859
"LDMC",-0.510508562158557,-0.0586248298745371,0.484119479473754,-0.226462859057187,0.360565258195626,0.565932624018983
"Eigenvalues",2.9511211158797,1.72300482026377,0.851982591410081,0.461496757418924,0.012394715027519,3.73565188291146e-32
"Variance_Percent",49.1853519313284,28.7167470043962,14.1997098568347,7.69161262364874,0.206578583791983,6.22608647151909e-31
"Cumulative_Variance_Percent",49.1853519313284,77.9020989357246,92.1018087925593,99.793421416208,100,100
