"","PC1","PC2","PC3","PC4","PC5","PC6"
"DA",0.52212083895053,-0.237564767205937,-0.142553784051143,0.37356535294517,-0.364596498734003,0.614938655280786
"SPA",0.406472719569773,0.323196003629448,0.837369703759281,0.0111712305439698,-0.130024613874317,-0.110022970804134
"PDMC",-0.543381214632842,-0.111028153205086,0.430441876460183,-0.0411551876425647,0.222552806714214,0.67520803795806
"LA",-0.151152772504607,-0.6006991076942,0.193682356314207,-0.418932428278099,-0.612562887844407,-0.16751983525802
"SLA",0.493490063149453,-0.292409508876148,-0.0165605699895163,-0.604302555305744,0.532773050606342,0.147177723897813
"LDMC",-0.0229567049073635,0.616796023779671,-0.235421072214083,-0.563865607574317,-0.376235067616906,0.322669062658793
"Eigenvalues",3.07411714068284,2.48897511162514,0.330924680635383,0.102826792969436,0.00315627408719636,6.33338923056949e-31
"Variance_Percent",51.2352856780473,41.4829185270858,5.51541134392306,1.71377988282393,0.0526045681199393,1.05556487176158e-29
"Cumulative_Variance_Percent",51.2352856780473,92.7182042051331,98.2336155490561,99.9473954318801,100,100
