"","PC1","PC2","PC3","PC4","PC5","PC6"
"DA",-0.315648504278161,-0.539656584100046,0.408876666277473,0.21113022130302,-0.385347216046384,0.498886978679629
"SPA",-0.508979831759982,-0.156532658726102,-0.428498089000198,0.497822387274988,-0.191115854487435,-0.498471710559652
"PDMC",0.487916264915025,-0.439490416268944,-0.126853062784951,-0.325306837052784,-0.563208160224272,-0.360091964537816
"LA",-0.442514464999243,0.148637869094628,-0.49654993059125,-0.594427704188692,-0.260394359586712,0.338195772527766
"SLA",0.453262225595363,-0.000573991091396571,-0.569198230124543,0.456193085018788,-0.0669159799781037,0.507913891334214
"LDMC",-0.0444699241587209,-0.684852485140115,-0.250138164245257,-0.200788286065407,0.652300429728991,0.0248719075470202
"Eigenvalues",2.12956928683694,1.66942870684456,1.31431157360254,0.554338149573537,0.254188078972246,0.0781642041701652
"Variance_Percent",35.4928214472824,27.8238117807428,21.9051928933756,9.23896915955896,4.23646798287078,1.30273673616942
"Cumulative_Variance_Percent",35.4928214472824,63.3166332280252,85.2218261214009,94.4607952809598,98.6972632638306,100
