"","PC1","PC2","PC3","PC4","PC5","PC6"
"DA",0.321586749902292,0.641434620303768,-0.0882399599048464,0.0195980210203898,0.601609923579778,0.339173579545121
"SPA",0.00412985664218964,0.552526442466616,-0.461942614386744,-0.40566166808315,-0.497482172912313,-0.263166476503523
"PDMC",0.637475284350685,0.0837390013326019,0.278810866560133,0.3053708656912,-0.569471213940637,0.302206408048877
"LA",0.281807767858476,-0.469906809385315,-0.402795273109906,-0.535803977072401,0.0270240203976422,0.499711657761952
"SLA",-0.563616058218196,0.235264758329884,0.395144409494947,-0.252766047141578,-0.220793068575852,0.59850486575527
"LDMC",-0.305141752807798,-0.0101005885006268,-0.618630822690499,0.625161248457474,-0.12961345288264,0.341256736609746
"Eigenvalues",1.92484114450781,1.83622082410262,1.41544355706872,0.69554319014966,0.0787273346813597,0.0492239494898299
"Variance_Percent",32.0806857417969,30.6036804017103,23.5907259511453,11.5923865024943,1.31212224468933,0.820399158163832
"Cumulative_Variance_Percent",32.0806857417969,62.6843661435072,86.2750920946525,97.8674785971468,99.1796008418362,100
