"","PC1","PC2","PC3","PC4","PC5","PC6"
"DA",0.448741941813621,-0.0551190058991492,0.360274396377705,-0.721328420568127,-0.0817274646774351,0.372559868153833
"SPA",0.132550243841086,-0.713057106929682,0.147458657485448,0.0407428202525226,0.644539246297355,-0.187470323058446
"PDMC",-0.21934071777914,0.461743604308338,0.754381614592006,0.167988495333772,0.375840810050695,0.010696911047957
"LA",-0.590414861892831,-0.140585400479766,-0.187566764607612,-0.0982850336132826,0.227746457633375,0.731393429041942
"SLA",0.510148974483166,-0.0755839946743535,0.087856758303986,0.655040746348369,-0.0938292264403622,0.537060490533544
"LDMC",0.352291167543247,0.499827076344527,-0.486278296912145,-0.105199194412622,0.613156663750241,0.0506880673307894
"Eigenvalues",2.65690737386402,1.78524932164376,0.814053084841642,0.679327009951041,0.0644632096995342,3.73064807619712e-32
"Variance_Percent",44.2817895644003,29.7541553607294,13.5675514140274,11.3221168325174,1.07438682832557,6.21774679366186e-31
"Cumulative_Variance_Percent",44.2817895644003,74.0359449251297,87.6034963391571,98.9256131716744,100,100
