"","PC1","PC2","PC3","PC4","PC5","PC6"
"DA",-0.0992242354573239,0.639201489566339,-0.155756167053548,0.60031456107922,-0.442259737765473,0.0366711789658993
"SPA",-0.445636709979664,0.353773666682925,-0.445358660136216,-0.123564281949118,0.569592245827552,-0.371758417579775
"PDMC",0.53456460344348,-0.174757569791726,0.0147744205831748,0.59419334767194,0.394136732320808,-0.41841689122229
"LA",-0.0295563014582503,-0.487859084198065,-0.80601700045962,0.174599240198112,-0.15798887403195,0.236666759355788
"SLA",0.488727344729008,0.391513237475578,-0.172790823690627,-0.131034537325094,0.392102462095862,0.638037544263816
"LDMC",-0.515824743609658,-0.210799286396324,0.312501716765339,0.472899161466075,0.381997917508323,0.471460651441385
"Eigenvalues",2.72532518331611,1.91273754624795,0.810354879611243,0.389110865638742,0.16247152518596,3.19796590840322e-30
"Variance_Percent",45.4220863886018,31.8789591041325,13.5059146601874,6.48518109397903,2.70785875309934,5.32994318067203e-29
"Cumulative_Variance_Percent",45.4220863886018,77.3010454927342,90.8069601529216,97.2921412469007,100,100
