"","PC1","PC2","PC3","PC4","PC5"
"DA",-0.40492870993801,-0.0449842347148798,-0.736345282046907,-0.322708801024736,-0.408616983959045
"SPA",-0.172847849282955,0.649788174980733,0.120192813015198,0.23704352731579,-0.479233114717867
"PDMC",-0.246755893387097,-0.450654636490589,0.584519800117724,-0.397800179026758,-0.477227611877062
"LA",-0.145281573102833,-0.544726252566105,-0.138913205975719,0.777758614820868,-0.204630605835761
"SLA",0.643165431643815,0.0790670756934889,0.0101118078662585,0.105230460272095,-0.575911370635262
"LDMC",-0.557224714096677,0.263976991797447,0.286856739722659,0.255817319132216,0.0455411568632618
"Eigenvalues",2.37185832966184,2.09792773331369,1.02151787264807,0.508696064376392,8.07916552989014e-31
"Variance_Percent",39.5309721610307,34.9654622218949,17.0252978774679,8.47826773960653,1.34652758831502e-29
"Cumulative_Variance_Percent",39.5309721610307,74.4964343829256,91.5217322603935,100,100
