"","PC1","PC2","PC3","PC4","PC5","PC6"
"DA",-0.289082634791966,-0.605156362787315,-0.554206929407634,0.00719030325201752,0.457159911849515,-0.184458127425204
"SPA",-0.495888186538905,0.00399266949144463,0.146655734815544,0.158300848880272,-0.425701764722438,-0.725458413172794
"PDMC",0.437418859316927,0.391716217041435,-0.0360220642984211,-0.11544071778327,0.501629029212675,-0.623672442419207
"LA",-0.455149134794284,-0.0288180599184161,0.600284726931744,-0.485170043745934,0.437513271024998,0.0697079440208253
"SLA",0.336224751766418,-0.517761665674891,0.555275826728884,0.527107694537409,0.15355590609467,-0.0955122618862565
"LDMC",-0.398726798224542,0.459804977632048,-0.037097015904129,0.669574557813869,0.378356790531829,0.191666859212073
"Eigenvalues",4.01220763800483,1.48045359052739,0.390123790303129,0.104241017990214,0.0129739631744364,1.13326274475584e-31
"Variance_Percent",66.8701273000804,24.6742265087899,6.50206317171881,1.7373502998369,0.21623271957394,1.88877124125973e-30
"Cumulative_Variance_Percent",66.8701273000804,91.5443538088703,98.0464169805891,99.783767280426,100,100
