"","PC1","PC2","PC3","PC4","PC5"
"DA",-0.553940593277541,0.273817836402486,0.214048366728638,0.0277900964335105,-0.376426577461932
"SPA",0.138916106028904,0.388834585542818,0.744700889371197,-0.468020661131264,0.0796051149597155
"PDMC",-0.373441788565111,-0.312396985262131,0.515052857942379,0.619463436254783,0.0986589780258241
"LA",-0.563865611175513,-0.0992606929088024,-0.234639252363844,-0.423546687942692,-0.366541039995193
"SLA",0.414506887388148,-0.506965304808654,0.248638527189872,-0.0595867920407515,-0.70697207322259
"LDMC",0.211265184069303,0.63982269084198,-0.132089892281451,0.462068219838755,-0.456147582685737
"Eigenvalues",2.64915100936065,1.86851220266556,1.01830122599448,0.464035561979322,5.52102001136169e-30
"Variance_Percent",44.1525168226774,31.1418700444259,16.9716870999079,7.7339260329887,9.20170001893615e-29
"Cumulative_Variance_Percent",44.1525168226774,75.2943868671034,92.2660739670113,100,100
