"","PC1","PC2","PC3","PC4","PC5","PC6"
"DA",0.388693797804884,0.460494927305478,0.17833791341674,-0.52815547219042,-0.569385985845049,-0.043686822162745
"SPA",0.32062563487016,0.468418054817206,-0.0246089647424969,0.803435044871747,-0.147626248745317,-0.0993818212400839
"PDMC",-0.552630340675916,0.084379794383887,-0.247783340286489,0.130994656537337,-0.550559710746454,0.552998714286092
"LA",0.182458334682216,-0.511039199349604,0.716911124175889,0.223498580962601,-0.289930983240296,0.239947373669707
"SLA",0.567089075016984,-0.0520076997926772,-0.295049002215683,-0.0682441220510594,0.260841578140022,0.718300548077954
"LDMC",-0.292976069804204,0.545475145205821,0.552429117709529,-0.0614446900805879,0.445860730248995,0.329964721863074
"Eigenvalues",2.54686392337539,1.36927157689195,0.950452678526235,0.663839990136166,0.336803604800232,0.13276822627003
"Variance_Percent",42.4477320562564,22.8211929481992,15.8408779754372,11.0639998356028,5.61339341333721,2.21280377116716
"Cumulative_Variance_Percent",42.4477320562564,65.2689250044556,81.1098029798928,92.1738028154956,97.7871962288328,100
